instance_name	LB	best_sol	best_spread	best_algo	FF	FFD-Degree	FFD-Avg	FFD-Max	FFD-AvgExpo	FFD-Surrogate	FFD-ExtendedSum	BFD-Avg	BFD-Max	BFD-AvgExpo	BFD-Surrogate	BFD-ExtendedSum	WFD-Avg	WFD-Max	WFD-AvgExpo	WFD-Surrogate	WFD-ExtendedSum	NCD-L2Norm	NCD-DotProduct	NCD-Fitness	NCD-DotDivision	NodeCount	SpreadWFD-Avg	SpreadWFD-Max	SpreadWFD-Surrogate	FF_time	FFD-Degree_time	FFD-Avg_time	FFD-Max_time	FFD-AvgExpo_time	FFD-Surrogate_time	FFD-ExtendedSum_time	BFD-Avg_time	BFD-Max_time	BFD-AvgExpo_time	BFD-Surrogate_time	BFD-ExtendedSum_time	WFD-Avg_time	WFD-Max_time	WFD-AvgExpo_time	WFD-Surrogate_time	WFD-ExtendedSum_time	NCD-L2Norm_time	NCD-DotProduct_time	NCD-Fitness_time	NCD-DotDivision_time	NodeCount_time	SpreadWFD-Avg_time	SpreadWFD-Max_time	SpreadWFD-Surrogate_time	RefineWFD-Avg-5	RefineWFD-Avg-3	RefineWFD-Avg-2	RefineWFD-Avg-5_time	RefineWFD-Avg-3_time	RefineWFD-Avg-2_time
arbitrary_d1_0	5087	5636	5309	SpreadWFD-Avg	5707	5717	5707	5707	5707	5707	5879	5707	5707	5711	5707	5878	5707	5707	5636	5707	5865	5683	5683	5683	5683	5714	5309	5309	5309	3.0	3.0	3.0	3.0	3.0	3.0	4.0	4.0	4.0	11.0	10.0	19.0	4.0	10.0	26.0	10.0	46.0	17.0	15.0	13.0	15.0	481.0	213.0	214.0	237.0	5452	5401	5401	62.0	82.0	104.0
arbitrary_d1_1	5087	5635	5388	SpreadWFD-Avg	5708	5708	5708	5708	5708	5708	5878	5708	5708	5715	5708	5876	5708	5708	5635	5708	5862	5690	5690	5690	5690	5702	5388	5388	5388	4.0	4.0	4.0	4.0	4.0	4.0	4.0	4.0	4.0	12.0	11.0	20.0	4.0	11.0	26.0	11.0	47.0	18.0	17.0	15.0	16.0	419.0	225.0	231.0	255.0	5453	5402	5402	61.0	84.0	104.0
arbitrary_d1_2	5087	5633	5251	SpreadWFD-Avg	5712	5697	5712	5712	5712	5712	5880	5712	5712	5713	5712	5880	5712	5712	5633	5712	5866	5681	5681	5681	5681	5705	5251	5251	5251	4.0	4.0	4.0	4.0	4.0	4.0	5.0	5.0	5.0	12.0	11.0	20.0	5.0	11.0	27.0	11.0	47.0	17.0	16.0	14.0	16.0	536.0	233.0	227.0	251.0	5457	5253	5304	61.0	112.0	134.0
arbitrary_d1_3	5087	5628	5298	SpreadWFD-Avg	5706	5707	5706	5706	5706	5706	5880	5706	5706	5709	5706	5879	5706	5706	5628	5706	5861	5687	5687	5687	5687	5710	5298	5298	5298	4.0	4.0	4.0	4.0	4.0	4.0	4.0	4.0	4.0	12.0	11.0	19.0	4.0	10.0	26.0	10.0	47.0	17.0	16.0	14.0	16.0	559.0	222.0	229.0	252.0	5451	5400	5298	65.0	88.0	133.0
arbitrary_d1_4	5087	5633	5285	SpreadWFD-Avg	5710	5698	5710	5710	5710	5710	5878	5710	5710	5712	5710	5877	5710	5710	5633	5710	5865	5669	5669	5669	5669	5723	5285	5285	5285	4.0	4.0	4.0	4.0	4.0	4.0	5.0	5.0	5.0	12.0	11.0	20.0	5.0	11.0	27.0	11.0	49.0	17.0	17.0	14.0	16.0	560.0	231.0	230.0	255.0	5455	5404	5302	65.0	88.0	134.0
arbitrary_d1_5	5087	5631	5279	SpreadWFD-Avg	5712	5714	5712	5712	5712	5712	5878	5712	5712	5714	5712	5879	5712	5712	5631	5712	5866	5673	5673	5673	5673	5709	5279	5279	5279	4.0	4.0	4.0	4.0	4.0	4.0	5.0	5.0	5.0	12.0	11.0	20.0	5.0	11.0	27.0	11.0	49.0	17.0	16.0	14.0	16.0	533.0	228.0	228.0	252.0	5457	5406	5304	66.0	89.0	135.0
arbitrary_d1_6	5087	5634	5307	SpreadWFD-Avg	5706	5706	5706	5706	5706	5706	5877	5706	5706	5708	5706	5877	5706	5706	5634	5706	5862	5675	5675	5675	5675	5704	5307	5307	5307	4.0	4.0	4.0	4.0	4.0	4.0	5.0	5.0	5.0	12.0	11.0	20.0	5.0	11.0	27.0	11.0	48.0	17.0	16.0	14.0	16.0	508.0	230.0	229.0	254.0	5451	5400	5400	66.0	90.0	113.0
arbitrary_d1_7	5087	5639	5267	SpreadWFD-Avg	5707	5717	5707	5707	5707	5707	5876	5707	5707	5711	5707	5878	5707	5707	5639	5707	5864	5682	5682	5682	5682	5715	5267	5267	5267	4.0	4.0	4.0	4.0	4.0	4.0	5.0	5.0	5.0	12.0	11.0	20.0	5.0	11.0	27.0	11.0	48.0	16.0	16.0	14.0	16.0	505.0	232.0	231.0	250.0	5452	5401	5299	65.0	88.0	133.0
arbitrary_d1_8	5087	5630	5361	SpreadWFD-Avg	5707	5699	5707	5707	5707	5707	5880	5707	5707	5710	5707	5878	5707	5707	5630	5707	5860	5677	5677	5677	5677	5724	5361	5361	5361	3.0	3.0	3.0	3.0	3.0	3.0	4.0	4.0	4.0	11.0	10.0	18.0	4.0	10.0	25.0	10.0	45.0	17.0	14.0	12.0	14.0	506.0	221.0	222.0	242.0	5452	5401	5401	65.0	88.0	111.0
arbitrary_d1_9	5087	5634	5400	SpreadWFD-Avg	5710	5711	5710	5710	5710	5710	5880	5710	5710	5710	5710	5878	5710	5710	5634	5710	5863	5673	5673	5673	5673	5705	5400	5400	5400	3.0	3.0	3.0	3.0	3.0	3.0	4.0	4.0	4.0	11.0	10.0	19.0	4.0	10.0	25.0	10.0	45.0	17.0	15.0	13.0	15.0	514.0	219.0	219.0	241.0	5455	5404	5404	65.0	88.0	111.0
normal_d1_0	5087	5635	5392	SpreadWFD-Avg	5712	5704	5712	5712	5712	5712	5876	5712	5712	5710	5712	5876	5712	5712	5635	5712	5864	5668	5668	5668	5668	5708	5392	5392	5392	4.0	3.0	4.0	4.0	4.0	3.0	4.0	4.0	4.0	11.0	10.0	18.0	4.0	10.0	25.0	10.0	45.0	17.0	15.0	13.0	15.0	469.0	232.0	231.0	263.0	5457	5406	5406	69.0	91.0	117.0
normal_d1_1	5087	5634	5303	SpreadWFD-Avg	5709	5710	5709	5709	5709	5709	5880	5709	5709	5709	5709	5880	5709	5709	5634	5709	5864	5663	5663	5663	5663	5716	5303	5303	5303	3.0	3.0	3.0	3.0	3.0	3.0	4.0	4.0	4.0	11.0	10.0	19.0	4.0	10.0	25.0	10.0	44.0	16.0	14.0	12.0	14.0	454.0	224.0	224.0	253.0	5454	5403	5403	66.0	89.0	113.0
normal_d1_2	5087	5635	5298	SpreadWFD-Avg	5710	5704	5710	5710	5710	5710	5879	5710	5710	5711	5710	5878	5710	5710	5635	5710	5862	5677	5677	5677	5677	5725	5298	5298	5298	3.0	3.0	3.0	3.0	3.0	3.0	4.0	4.0	4.0	11.0	10.0	19.0	4.0	10.0	25.0	10.0	44.0	16.0	14.0	12.0	14.0	465.0	226.0	224.0	251.0	5455	5404	5302	65.0	86.0	131.0
normal_d1_3	5087	5634	5378	SpreadWFD-Avg	5709	5702	5709	5709	5709	5709	5881	5709	5709	5711	5709	5878	5709	5709	5634	5709	5861	5675	5675	5675	5675	5692	5378	5378	5378	3.0	3.0	3.0	3.0	3.0	3.0	4.0	4.0	4.0	11.0	10.0	18.0	4.0	10.0	24.0	10.0	43.0	17.0	16.0	14.0	16.0	467.0	244.0	245.0	275.0	5454	5403	5403	64.0	87.0	110.0
normal_d1_4	5087	5632	5291	SpreadWFD-Avg	5710	5696	5710	5710	5710	5710	5874	5710	5710	5712	5710	5876	5710	5710	5632	5710	5865	5671	5671	5671	5671	5683	5291	5291	5291	4.0	4.0	4.0	4.0	4.0	4.0	5.0	5.0	5.0	12.0	11.0	20.0	5.0	11.0	27.0	11.0	46.0	17.0	15.0	13.0	15.0	472.0	230.0	230.0	261.0	5455	5404	5302	65.0	88.0	133.0
normal_d1_5	5087	5635	5259	SpreadWFD-Avg	5707	5711	5707	5707	5707	5707	5878	5707	5707	5711	5707	5878	5707	5707	5635	5707	5863	5677	5677	5677	5677	5707	5259	5259	5259	4.0	4.0	4.0	4.0	4.0	4.0	5.0	5.0	5.0	12.0	11.0	20.0	5.0	11.0	27.0	11.0	48.0	18.0	16.0	14.0	16.0	467.0	219.0	215.0	261.0	5452	5401	5299	64.0	87.0	131.0
normal_d1_6	5087	5636	5299	SpreadWFD-Avg	5708	5714	5708	5708	5708	5708	5879	5708	5708	5710	5708	5877	5708	5708	5636	5708	5863	5681	5681	5681	5681	5696	5299	5299	5299	4.0	4.0	4.0	4.0	4.0	4.0	5.0	5.0	5.0	12.0	11.0	20.0	5.0	11.0	27.0	11.0	47.0	17.0	16.0	14.0	16.0	455.0	245.0	246.0	277.0	5453	5402	5300	64.0	86.0	131.0
normal_d1_7	5087	5634	5258	SpreadWFD-Avg	5710	5718	5710	5710	5710	5710	5879	5710	5710	5712	5710	5876	5710	5710	5634	5710	5864	5671	5671	5671	5671	5726	5258	5258	5258	4.0	4.0	4.0	4.0	4.0	4.0	4.0	4.0	5.0	12.0	11.0	20.0	5.0	11.0	27.0	11.0	48.0	18.0	16.0	14.0	16.0	466.0	235.0	236.0	267.0	5455	5404	5302	64.0	86.0	131.0
normal_d1_8	5087	5629	5261	SpreadWFD-Avg	5710	5694	5710	5710	5710	5710	5880	5710	5710	5714	5710	5876	5710	5710	5629	5710	5858	5688	5688	5688	5688	5711	5261	5261	5261	4.0	4.0	4.0	4.0	4.0	4.0	5.0	5.0	5.0	12.0	11.0	20.0	5.0	11.0	26.0	11.0	47.0	16.0	16.0	14.0	15.0	476.0	243.0	243.0	275.0	5455	5404	5302	64.0	87.0	132.0
normal_d1_9	5087	5634	5275	SpreadWFD-Avg	5706	5731	5706	5706	5706	5706	5882	5706	5706	5707	5706	5882	5706	5706	5634	5706	5864	5682	5682	5682	5682	5710	5275	5275	5275	4.0	4.0	4.0	4.0	4.0	4.0	5.0	5.0	5.0	12.0	11.0	20.0	5.0	11.0	27.0	11.0	47.0	17.0	16.0	14.0	16.0	464.0	238.0	235.0	266.0	5451	5400	5298	64.0	87.0	132.0
threshold_d1_0	5087	5633	5271	SpreadWFD-Avg	5708	5709	5708	5708	5708	5708	5883	5708	5708	5708	5708	5880	5708	5708	5633	5708	5869	5678	5678	5678	5678	5716	5271	5271	5271	3.0	5.0	3.0	3.0	3.0	3.0	4.0	4.0	4.0	11.0	10.0	17.0	4.0	9.0	23.0	9.0	39.0	14.0	12.0	11.0	12.0	141.0	208.0	206.0	228.0	5453	5402	5300	60.0	81.0	123.0
threshold_d1_1	5087	5627	5264	SpreadWFD-Avg	5705	5703	5705	5705	5705	5705	5883	5705	5705	5711	5705	5881	5705	5705	5627	5705	5866	5683	5683	5683	5683	5721	5264	5264	5264	3.0	6.0	3.0	3.0	3.0	3.0	3.0	4.0	4.0	10.0	8.0	15.0	4.0	9.0	22.0	9.0	37.0	16.0	11.0	11.0	12.0	146.0	219.0	224.0	254.0	5450	5399	5297	67.0	90.0	135.0
threshold_d1_2	5087	5637	5270	SpreadWFD-Avg	5709	5710	5709	5709	5709	5709	5883	5709	5709	5707	5709	5883	5709	5709	5637	5709	5867	5668	5668	5668	5668	5715	5270	5270	5270	3.0	4.0	3.0	3.0	3.0	3.0	4.0	4.0	4.0	11.0	9.0	17.0	4.0	9.0	23.0	9.0	40.0	15.0	13.0	12.0	13.0	144.0	211.0	216.0	242.0	5454	5403	5301	58.0	79.0	119.0
threshold_d1_3	5087	5639	5308	SpreadWFD-Avg	5709	5716	5709	5709	5709	5709	5879	5709	5709	5713	5709	5881	5709	5709	5639	5709	5866	5677	5677	5677	5677	5714	5308	5308	5308	3.0	4.0	3.0	3.0	3.0	3.0	4.0	4.0	4.0	11.0	10.0	17.0	4.0	10.0	24.0	10.0	41.0	16.0	14.0	12.0	13.0	139.0	210.0	210.0	237.0	5454	5403	5403	56.0	77.0	96.0
threshold_d1_4	5087	5631	5268	SpreadWFD-Avg	5708	5711	5708	5708	5708	5708	5881	5708	5708	5712	5708	5881	5708	5708	5631	5708	5867	5678	5678	5678	5678	5707	5268	5268	5268	3.0	4.0	3.0	3.0	3.0	3.0	3.0	3.0	3.0	10.0	9.0	17.0	3.0	9.0	23.0	9.0	40.0	15.0	13.0	12.0	13.0	123.0	199.0	199.0	226.0	5453	5402	5300	53.0	72.0	108.0
threshold_d1_5	5087	5633	5263	SpreadWFD-Avg	5711	5723	5711	5711	5711	5711	5880	5711	5711	5708	5711	5881	5711	5711	5633	5711	5863	5679	5679	5679	5679	5714	5263	5263	5263	3.0	6.0	3.0	3.0	3.0	3.0	4.0	4.0	4.0	11.0	10.0	17.0	4.0	10.0	24.0	10.0	41.0	15.0	13.0	12.0	13.0	134.0	237.0	237.0	262.0	5456	5405	5303	64.0	85.0	129.0
threshold_d1_6	5087	5631	5271	SpreadWFD-Avg	5707	5707	5707	5707	5707	5707	5877	5707	5707	5707	5707	5877	5707	5707	5631	5707	5864	5679	5679	5679	5679	5708	5271	5271	5271	3.0	4.0	3.0	3.0	3.0	3.0	4.0	4.0	4.0	11.0	9.0	17.0	4.0	9.0	24.0	9.0	40.0	15.0	13.0	12.0	13.0	135.0	213.0	213.0	239.0	5452	5401	5299	57.0	78.0	116.0
threshold_d1_7	5087	5637	5250	SpreadWFD-Avg	5704	5719	5704	5704	5704	5704	5878	5704	5704	5709	5704	5879	5704	5704	5637	5704	5862	5678	5678	5678	5678	5721	5250	5250	5250	3.0	4.0	3.0	3.0	3.0	3.0	4.0	4.0	4.0	11.0	10.0	17.0	4.0	10.0	24.0	10.0	41.0	15.0	13.0	12.0	13.0	142.0	224.0	224.0	250.0	5449	5398	5296	60.0	82.0	123.0
threshold_d1_8	5087	5638	5273	SpreadWFD-Avg	5704	5723	5704	5704	5704	5704	5883	5704	5704	5712	5704	5883	5704	5704	5638	5704	5862	5671	5671	5671	5671	5718	5273	5273	5273	3.0	3.0	3.0	3.0	3.0	3.0	3.0	3.0	3.0	10.0	9.0	17.0	3.0	9.0	23.0	9.0	41.0	15.0	13.0	11.0	13.0	126.0	208.0	208.0	234.0	5449	5398	5296	58.0	78.0	118.0
threshold_d1_9	5087	5629	5278	SpreadWFD-Avg	5709	5722	5709	5709	5709	5709	5878	5709	5709	5710	5709	5880	5709	5709	5629	5709	5867	5679	5679	5679	5679	5719	5278	5278	5278	3.0	4.0	3.0	3.0	3.0	3.0	4.0	4.0	4.0	11.0	9.0	17.0	4.0	9.0	23.0	9.0	40.0	15.0	12.0	11.0	12.0	148.0	208.0	209.0	235.0	5454	5403	5301	57.0	77.0	117.0
arbitrary_d5_0	5087	5628	5282	SpreadWFD-Avg	5704	5725	5704	5704	5704	5704	5877	5704	5704	5703	5704	5876	5704	5704	5628	5704	5864	5659	5659	5659	5659	5740	5282	5282	5282	16.0	16.0	16.0	16.0	16.0	15.0	17.0	17.0	17.0	24.0	23.0	33.0	17.0	23.0	40.0	23.0	62.0	38.0	32.0	29.0	32.0	2503.0	637.0	660.0	684.0	5449	5398	5296	179.0	246.0	391.0
arbitrary_d5_1	5087	5635	5285	SpreadWFD-Avg	5709	5714	5709	5709	5709	5709	5875	5709	5709	5706	5709	5874	5709	5709	5635	5709	5861	5676	5676	5676	5676	5724	5285	5285	5285	16.0	16.0	16.0	16.0	16.0	16.0	17.0	17.0	17.0	25.0	24.0	34.0	17.0	24.0	42.0	24.0	62.0	39.0	34.0	30.0	34.0	3231.0	656.0	665.0	688.0	5454	5403	5301	192.0	262.0	400.0
arbitrary_d5_2	5087	5632	5291	SpreadWFD-Avg	5706	5720	5706	5706	5706	5706	5877	5706	5706	5705	5706	5880	5706	5706	5632	5706	5872	5673	5673	5673	5673	5730	5291	5291	5291	17.0	17.0	17.0	17.0	17.0	17.0	18.0	18.0	18.0	26.0	25.0	35.0	18.0	25.0	43.0	25.0	66.0	39.0	36.0	32.0	35.0	3225.0	650.0	653.0	674.0	5451	5400	5298	190.0	257.0	394.0
arbitrary_d5_3	5087	5631	5262	SpreadWFD-Avg	5712	5719	5712	5712	5712	5712	5872	5712	5712	5711	5712	5869	5712	5712	5631	5712	5866	5681	5681	5681	5681	5710	5262	5262	5262	16.0	16.0	16.0	15.0	15.0	15.0	17.0	17.0	17.0	24.0	23.0	33.0	16.0	23.0	40.0	23.0	61.0	38.0	33.0	29.0	32.0	3208.0	632.0	634.0	657.0	5457	5406	5304	188.0	251.0	378.0
arbitrary_d5_4	5087	5623	5404	SpreadWFD-Avg	5696	5702	5696	5696	5696	5696	5881	5696	5696	5699	5696	5881	5696	5696	5623	5696	5870	5662	5662	5662	5662	5728	5404	5404	5404	16.0	15.0	15.0	16.0	15.0	15.0	17.0	16.0	17.0	24.0	23.0	33.0	16.0	23.0	40.0	23.0	59.0	37.0	32.0	29.0	32.0	3206.0	628.0	626.0	636.0	5441	5543	5492	175.0	176.0	240.0
arbitrary_d5_5	5087	5632	5320	SpreadWFD-Avg	5706	5717	5706	5706	5706	5706	5876	5706	5706	5702	5706	5876	5706	5706	5632	5706	5862	5671	5671	5671	5671	5731	5320	5320	5320	17.0	17.0	17.0	17.0	17.0	17.0	18.0	18.0	18.0	26.0	25.0	36.0	18.0	25.0	43.0	25.0	66.0	37.0	35.0	31.0	35.0	3224.0	651.0	644.0	655.0	5451	5400	5400	177.0	242.0	310.0
arbitrary_d5_6	5087	5624	5315	SpreadWFD-Avg	5703	5707	5703	5703	5703	5703	5879	5703	5703	5704	5703	5877	5703	5703	5624	5703	5865	5667	5667	5667	5667	5718	5315	5315	5315	17.0	17.0	17.0	17.0	17.0	17.0	18.0	18.0	18.0	26.0	25.0	35.0	18.0	25.0	43.0	24.0	65.0	39.0	35.0	31.0	35.0	3523.0	668.0	671.0	689.0	5448	5397	5397	177.0	240.0	307.0
arbitrary_d5_7	5087	5634	5270	SpreadWFD-Avg	5701	5712	5701	5701	5701	5701	5880	5701	5701	5701	5701	5878	5701	5701	5634	5701	5865	5661	5661	5661	5661	5740	5270	5270	5270	17.0	17.0	17.0	17.0	16.0	16.0	18.0	18.0	18.0	26.0	24.0	35.0	18.0	24.0	43.0	24.0	65.0	38.0	36.0	32.0	36.0	3503.0	681.0	664.0	651.0	5446	5395	5293	179.0	245.0	371.0
arbitrary_d5_8	5087	5638	5306	SpreadWFD-Avg	5707	5689	5707	5707	5707	5707	5877	5707	5707	5706	5707	5880	5707	5707	5638	5707	5867	5683	5683	5683	5683	5714	5306	5306	5306	15.0	15.0	14.0	14.0	14.0	14.0	16.0	16.0	16.0	22.0	21.0	29.0	15.0	21.0	37.0	22.0	58.0	39.0	33.0	29.0	32.0	3192.0	639.0	665.0	691.0	5452	5401	5401	177.0	243.0	309.0
arbitrary_d5_9	5087	5627	5371	SpreadWFD-Avg	5706	5725	5706	5706	5706	5706	5875	5706	5706	5704	5706	5878	5706	5706	5627	5706	5868	5670	5670	5670	5670	5756	5371	5371	5371	17.0	16.0	17.0	17.0	16.0	16.0	18.0	18.0	18.0	26.0	24.0	35.0	18.0	24.0	43.0	24.0	65.0	38.0	35.0	31.0	35.0	3186.0	686.0	688.0	713.0	5451	5400	5400	176.0	238.0	303.0
normal_d5_0	5087	5625	5352	SpreadWFD-Avg	5706	5715	5706	5706	5706	5706	5883	5706	5706	5706	5706	5881	5706	5706	5625	5706	5871	5691	5691	5691	5691	5718	5352	5352	5352	16.0	16.0	16.0	16.0	16.0	16.0	18.0	17.0	17.0	25.0	24.0	34.0	17.0	24.0	42.0	24.0	64.0	39.0	35.0	31.0	35.0	2680.0	648.0	636.0	662.0	5451	5400	5400	181.0	247.0	315.0
normal_d5_1	5087	5635	5338	SpreadWFD-Avg	5703	5709	5703	5703	5703	5703	5882	5703	5703	5704	5703	5880	5703	5703	5635	5703	5873	5679	5679	5679	5679	5719	5338	5338	5338	16.0	16.0	16.0	16.0	16.0	16.0	17.0	17.0	17.0	24.0	23.0	33.0	17.0	23.0	41.0	23.0	61.0	39.0	34.0	30.0	33.0	2737.0	662.0	669.0	691.0	5448	5397	5397	183.0	247.0	313.0
normal_d5_2	5087	5634	5279	SpreadWFD-Avg	5703	5696	5703	5703	5703	5703	5883	5703	5703	5704	5703	5886	5703	5703	5634	5703	5867	5675	5675	5675	5675	5693	5279	5279	5279	16.0	16.0	17.0	17.0	16.0	16.0	18.0	18.0	18.0	26.0	24.0	34.0	18.0	24.0	42.0	24.0	64.0	38.0	35.0	31.0	34.0	2678.0	690.0	692.0	718.0	5448	5397	5295	178.0	244.0	381.0
normal_d5_3	5087	5631	5359	SpreadWFD-Avg	5708	5698	5708	5708	5708	5708	5879	5708	5708	5708	5708	5877	5708	5708	5631	5708	5873	5685	5685	5685	5685	5717	5359	5359	5359	17.0	17.0	17.0	17.0	16.0	16.0	18.0	18.0	18.0	26.0	24.0	35.0	18.0	24.0	43.0	24.0	64.0	39.0	36.0	32.0	36.0	2724.0	640.0	648.0	681.0	5453	5402	5402	202.0	280.0	360.0
normal_d5_4	5087	5622	5309	SpreadWFD-Avg	5700	5702	5700	5700	5700	5700	5881	5700	5700	5699	5700	5879	5700	5700	5622	5700	5870	5671	5671	5671	5671	5719	5309	5309	5309	17.0	17.0	17.0	17.0	17.0	17.0	18.0	18.0	18.0	26.0	24.0	35.0	18.0	24.0	42.0	24.0	64.0	38.0	34.0	31.0	34.0	2719.0	685.0	686.0	713.0	5445	5394	5394	212.0	284.0	368.0
normal_d5_5	5087	5634	5313	SpreadWFD-Avg	5701	5694	5701	5701	5701	5701	5879	5701	5701	5706	5701	5878	5701	5701	5634	5701	5871	5680	5680	5680	5680	5714	5313	5313	5313	18.0	18.0	18.0	18.0	17.0	17.0	19.0	18.0	18.0	26.0	25.0	35.0	18.0	25.0	43.0	25.0	65.0	42.0	35.0	31.0	35.0	2728.0	728.0	730.0	759.0	5446	5395	5395	217.0	292.0	374.0
normal_d5_6	5087	5627	5250	SpreadWFD-Avg	5706	5705	5706	5706	5706	5706	5874	5706	5706	5706	5706	5872	5706	5706	5627	5706	5863	5688	5688	5688	5688	5718	5250	5250	5250	17.0	17.0	17.0	17.0	17.0	17.0	18.0	18.0	18.0	26.0	24.0	34.0	18.0	24.0	42.0	24.0	63.0	38.0	34.0	30.0	34.0	2537.0	689.0	688.0	715.0	5451	5400	5298	209.0	283.0	433.0
normal_d5_7	5087	5626	5369	SpreadWFD-Avg	5705	5711	5705	5705	5705	5705	5876	5705	5705	5707	5705	5880	5705	5705	5626	5705	5869	5678	5678	5678	5678	5715	5369	5369	5369	16.0	16.0	16.0	16.0	16.0	16.0	18.0	17.0	17.0	25.0	24.0	34.0	17.0	24.0	42.0	24.0	63.0	39.0	34.0	31.0	34.0	2664.0	675.0	677.0	704.0	5450	5399	5399	205.0	277.0	354.0
normal_d5_8	5087	5644	5298	SpreadWFD-Avg	5705	5719	5705	5705	5705	5705	5879	5705	5705	5707	5705	5878	5705	5705	5644	5705	5868	5673	5673	5673	5673	5718	5298	5298	5298	16.0	16.0	16.0	16.0	16.0	16.0	17.0	17.0	17.0	25.0	23.0	33.0	17.0	23.0	41.0	23.0	61.0	42.0	33.0	30.0	33.0	2715.0	755.0	769.0	811.0	5450	5399	5399	209.0	287.0	361.0
normal_d5_9	5087	5630	5323	SpreadWFD-Avg	5710	5687	5710	5710	5710	5710	5881	5710	5710	5708	5710	5881	5710	5710	5630	5710	5869	5676	5676	5676	5676	5724	5323	5323	5323	17.0	16.0	17.0	17.0	16.0	16.0	18.0	18.0	17.0	25.0	24.0	34.0	18.0	24.0	42.0	24.0	64.0	40.0	35.0	32.0	35.0	2564.0	670.0	670.0	699.0	5455	5404	5404	206.0	281.0	359.0
threshold_d5_0	5087	5623	5395	SpreadWFD-Avg	5701	5711	5701	5701	5701	5701	5889	5701	5701	5698	5701	5886	5701	5701	5623	5701	5883	5671	5671	5671	5671	5721	5395	5395	5395	14.0	27.0	14.0	14.0	14.0	14.0	15.0	15.0	15.0	22.0	21.0	29.0	15.0	21.0	37.0	21.0	54.0	34.0	29.0	26.0	28.0	1397.0	747.0	713.0	738.0	5446	5395	5395	220.0	297.0	379.0
threshold_d5_1	5087	5635	5387	SpreadWFD-Avg	5707	5712	5707	5707	5707	5707	5889	5707	5707	5706	5707	5890	5707	5707	5635	5707	5877	5676	5676	5676	5676	5725	5387	5387	5387	15.0	31.0	15.0	15.0	15.0	15.0	16.0	16.0	16.0	22.0	21.0	29.0	16.0	21.0	37.0	21.0	53.0	35.0	28.0	26.0	28.0	1326.0	810.0	816.0	848.0	5452	5401	5401	247.0	335.0	422.0
threshold_d5_2	5087	5621	5469	SpreadWFD-Avg	5699	5690	5699	5699	5699	5699	5893	5699	5699	5699	5699	5898	5699	5699	5621	5699	5883	5677	5677	5677	5677	5704	5469	5469	5469	15.0	30.0	15.0	15.0	15.0	15.0	16.0	16.0	16.0	23.0	22.0	30.0	16.0	22.0	39.0	22.0	55.0	36.0	31.0	28.0	31.0	1338.0	847.0	847.0	878.0	5699	5546	5495	171.0	257.0	343.0
threshold_d5_3	5087	5628	5291	SpreadWFD-Avg	5708	5700	5708	5708	5708	5708	5890	5708	5708	5710	5708	5897	5708	5708	5628	5708	5874	5688	5688	5688	5688	5700	5291	5291	5291	15.0	33.0	15.0	15.0	15.0	15.0	15.0	16.0	16.0	23.0	21.0	29.0	16.0	21.0	38.0	21.0	54.0	34.0	30.0	28.0	30.0	1377.0	784.0	789.0	817.0	5453	5402	5300	213.0	280.0	429.0
threshold_d5_4	5087	5631	5384	SpreadWFD-Avg	5696	5723	5696	5696	5696	5696	5893	5696	5696	5700	5696	5891	5696	5696	5631	5696	5880	5660	5660	5660	5660	5721	5384	5384	5384	16.0	29.0	16.0	16.0	16.0	16.0	17.0	17.0	17.0	24.0	23.0	31.0	17.0	22.0	39.0	22.0	56.0	36.0	32.0	30.0	32.0	1500.0	770.0	769.0	799.0	5441	5390	5390	231.0	309.0	386.0
threshold_d5_5	5087	5631	5523	SpreadWFD-Avg	5698	5701	5698	5698	5698	5698	5879	5698	5698	5699	5698	5884	5698	5698	5631	5698	5878	5660	5660	5660	5660	5700	5523	5523	5523	18.0	35.0	18.0	18.0	18.0	18.0	19.0	19.0	19.0	26.0	25.0	34.0	19.0	25.0	41.0	25.0	59.0	35.0	32.0	30.0	32.0	1487.0	829.0	829.0	858.0	5698	5545	5596	171.0	253.0	241.0
threshold_d5_6	5087	5639	5504	SpreadWFD-Avg	5707	5704	5707	5707	5707	5707	5886	5707	5707	5700	5707	5891	5707	5707	5639	5707	5887	5667	5667	5667	5667	5715	5504	5504	5504	16.0	34.0	17.0	17.0	16.0	17.0	18.0	17.0	17.0	24.0	23.0	33.0	17.0	23.0	40.0	23.0	57.0	38.0	32.0	29.0	32.0	1481.0	917.0	916.0	947.0	5707	5554	5605	155.0	233.0	240.0
threshold_d5_7	5087	5625	5289	SpreadWFD-Avg	5699	5679	5699	5699	5699	5699	5889	5699	5699	5703	5699	5893	5699	5699	5625	5699	5879	5670	5670	5670	5670	5691	5289	5289	5289	15.0	27.0	15.0	15.0	15.0	15.0	16.0	16.0	16.0	23.0	21.0	30.0	16.0	21.0	38.0	21.0	54.0	34.0	29.0	27.0	29.0	1223.0	699.0	698.0	728.0	5444	5393	5291	193.0	260.0	388.0
threshold_d5_8	5087	5635	5402	SpreadWFD-Avg	5702	5719	5702	5702	5702	5702	5890	5702	5702	5706	5702	5891	5702	5702	5635	5702	5882	5677	5677	5677	5677	5709	5402	5402	5402	15.0	35.0	15.0	15.0	15.0	15.0	16.0	16.0	16.0	23.0	22.0	31.0	16.0	22.0	39.0	22.0	56.0	36.0	31.0	28.0	30.0	1432.0	754.0	756.0	788.0	5447	5549	5498	187.0	197.0	266.0
threshold_d5_9	5087	5616	5325	SpreadWFD-Avg	5700	5718	5700	5700	5700	5700	5889	5700	5700	5703	5700	5889	5700	5700	5616	5700	5869	5670	5670	5670	5670	5714	5325	5325	5325	14.0	30.0	14.0	14.0	14.0	14.0	15.0	15.0	15.0	22.0	21.0	29.0	15.0	21.0	37.0	21.0	55.0	34.0	29.0	26.0	28.0	1379.0	644.0	641.0	670.0	5445	5394	5394	178.0	240.0	300.0
arbitrary_d10_0	5087	5624	5380	SpreadWFD-Avg	5700	5706	5700	5700	5700	5700	5888	5700	5700	5706	5700	5886	5700	5700	5624	5700	5883	5664	5664	5664	5664	5725	5380	5380	5380	32.0	32.0	32.0	32.0	32.0	31.0	34.0	33.0	32.0	41.0	40.0	51.0	33.0	40.0	59.0	40.0	81.0	70.0	64.0	57.0	65.0	7726.0	1222.0	1201.0	1253.0	5445	5394	5394	332.0	471.0	600.0
arbitrary_d10_1	5087	5632	5295	SpreadWFD-Avg	5698	5703	5698	5698	5698	5698	5876	5698	5698	5699	5698	5879	5698	5698	5632	5698	5879	5650	5650	5650	5650	5759	5295	5295	5295	34.0	34.0	34.0	34.0	34.0	34.0	36.0	35.0	35.0	44.0	42.0	55.0	35.0	43.0	63.0	43.0	87.0	67.0	65.0	58.0	65.0	8353.0	1280.0	1237.0	1222.0	5443	5392	5392	353.0	479.0	599.0
arbitrary_d10_2	5087	5632	5368	SpreadWFD-Avg	5696	5713	5696	5696	5696	5696	5870	5696	5696	5694	5696	5872	5696	5696	5632	5696	5869	5676	5676	5676	5676	5738	5368	5368	5368	32.0	31.0	32.0	31.0	32.0	31.0	34.0	33.0	33.0	41.0	40.0	50.0	33.0	39.0	58.0	40.0	79.0	67.0	58.0	52.0	58.0	8435.0	1169.0	1160.0	1250.0	5441	5390	5390	339.0	447.0	565.0
arbitrary_d10_3	5087	5633	5349	SpreadWFD-Avg	5700	5705	5700	5700	5700	5700	5887	5700	5700	5693	5700	5886	5700	5700	5633	5700	5885	5669	5669	5669	5669	5739	5349	5349	5349	32.0	32.0	32.0	32.0	32.0	32.0	35.0	34.0	33.0	42.0	42.0	55.0	35.0	42.0	62.0	42.0	81.0	67.0	56.0	51.0	56.0	8497.0	1230.0	1234.0	1253.0	5445	5394	5394	326.0	447.0	569.0
arbitrary_d10_4	5087	5630	5283	SpreadWFD-Avg	5704	5704	5704	5704	5704	5704	5881	5704	5704	5698	5704	5883	5704	5704	5630	5704	5879	5676	5676	5676	5676	5743	5283	5283	5283	33.0	34.0	34.0	33.0	33.0	33.0	36.0	35.0	34.0	41.0	40.0	54.0	35.0	42.0	62.0	42.0	85.0	71.0	58.0	53.0	58.0	8627.0	1131.0	1204.0	1265.0	5449	5398	5296	331.0	454.0	696.0
arbitrary_d10_5	5087	5633	5311	SpreadWFD-Avg	5702	5688	5702	5702	5702	5702	5882	5702	5702	5696	5702	5880	5702	5702	5633	5702	5879	5662	5662	5662	5662	5735	5311	5311	5311	33.0	33.0	34.0	34.0	33.0	33.0	36.0	35.0	35.0	43.0	42.0	54.0	35.0	42.0	62.0	42.0	85.0	69.0	63.0	56.0	63.0	7669.0	1357.0	1348.0	1341.0	5447	5396	5396	330.0	450.0	571.0
arbitrary_d10_6	5087	5641	5260	SpreadWFD-Avg	5698	5713	5698	5698	5698	5698	5880	5698	5698	5704	5698	5883	5698	5698	5641	5698	5879	5665	5665	5665	5665	5754	5260	5260	5260	32.0	32.0	32.0	32.0	32.0	31.0	35.0	34.0	34.0	41.0	41.0	52.0	34.0	40.0	59.0	41.0	82.0	71.0	63.0	55.0	62.0	7630.0	1167.0	1177.0	1209.0	5443	5392	5290	326.0	444.0	676.0
arbitrary_d10_7	5087	5621	5351	SpreadWFD-Avg	5695	5703	5695	5695	5695	5695	5889	5695	5695	5689	5695	5885	5695	5695	5621	5695	5886	5657	5657	5657	5657	5763	5351	5351	5351	34.0	33.0	34.0	34.0	34.0	33.0	36.0	35.0	35.0	43.0	42.0	55.0	35.0	42.0	62.0	42.0	85.0	71.0	64.0	57.0	64.0	7804.0	1171.0	1186.0	1206.0	5440	5389	5389	358.0	507.0	640.0
arbitrary_d10_8	5087	5635	5292	SpreadWFD-Avg	5699	5694	5699	5699	5699	5699	5878	5699	5699	5697	5699	5881	5699	5699	5635	5699	5873	5664	5664	5664	5664	5755	5292	5292	5292	33.0	33.0	34.0	33.0	33.0	33.0	36.0	35.0	35.0	43.0	42.0	54.0	35.0	42.0	62.0	42.0	85.0	73.0	65.0	58.0	65.0	7813.0	1195.0	1196.0	1214.0	5444	5393	5393	377.0	517.0	657.0
arbitrary_d10_9	5087	5634	5336	SpreadWFD-Avg	5708	5697	5708	5708	5708	5708	5888	5708	5708	5702	5708	5889	5708	5708	5634	5708	5891	5676	5676	5676	5676	5741	5336	5336	5336	33.0	34.0	34.0	34.0	33.0	33.0	36.0	35.0	35.0	43.0	42.0	54.0	35.0	42.0	62.0	42.0	84.0	75.0	66.0	59.0	65.0	7495.0	1224.0	1224.0	1242.0	5453	5402	5402	374.0	513.0	649.0
normal_d10_0	5087	5635	5287	SpreadWFD-Avg	5697	5699	5697	5697	5697	5697	5879	5697	5697	5700	5697	5878	5697	5697	5635	5697	5886	5674	5674	5674	5674	5690	5287	5287	5287	33.0	32.0	33.0	33.0	32.0	32.0	34.0	34.0	34.0	42.0	41.0	53.0	34.0	41.0	61.0	41.0	83.0	68.0	62.0	56.0	67.0	6324.0	1211.0	1196.0	1169.0	5442	5391	5289	394.0	537.0	822.0
normal_d10_1	5087	5623	5361	SpreadWFD-Avg	5697	5699	5697	5697	5697	5697	5881	5697	5697	5697	5697	5880	5697	5697	5623	5697	5874	5662	5662	5662	5662	5707	5361	5361	5361	29.0	27.0	30.0	29.0	29.0	29.0	32.0	30.0	28.0	34.0	34.0	48.0	30.0	36.0	53.0	36.0	72.0	70.0	53.0	48.0	54.0	6481.0	1147.0	1175.0	1228.0	5442	5391	5391	388.0	530.0	674.0
normal_d10_2	5087	5638	5273	SpreadWFD-Avg	5701	5687	5701	5701	5701	5701	5879	5701	5701	5701	5701	5881	5701	5701	5638	5701	5874	5673	5673	5673	5673	5701	5273	5273	5273	30.0	30.0	30.0	30.0	30.0	30.0	32.0	31.0	31.0	38.0	37.0	47.0	31.0	37.0	55.0	37.0	75.0	68.0	52.0	48.0	53.0	6298.0	1136.0	1139.0	1134.0	5446	5395	5293	377.0	517.0	781.0
normal_d10_3	5087	5629	5354	SpreadWFD-Avg	5693	5694	5693	5693	5693	5693	5876	5693	5693	5696	5693	5875	5693	5693	5629	5693	5868	5652	5652	5652	5652	5707	5354	5354	5354	31.0	30.0	31.0	31.0	31.0	31.0	33.0	31.0	30.0	37.0	36.0	48.0	32.0	38.0	57.0	38.0	77.0	69.0	56.0	51.0	58.0	6494.0	1111.0	1110.0	1132.0	5438	5387	5387	388.0	528.0	668.0
normal_d10_4	5087	5632	5269	SpreadWFD-Avg	5695	5698	5695	5695	5695	5695	5880	5695	5695	5695	5695	5879	5695	5695	5632	5695	5876	5659	5659	5659	5659	5706	5269	5269	5269	31.0	31.0	31.0	31.0	32.0	31.0	34.0	33.0	33.0	40.0	39.0	49.0	33.0	39.0	57.0	39.0	76.0	71.0	55.0	50.0	56.0	6720.0	1209.0	1208.0	1234.0	5440	5389	5287	345.0	471.0	717.0
normal_d10_5	5087	5631	5272	SpreadWFD-Avg	5703	5695	5703	5703	5703	5703	5887	5703	5703	5701	5703	5886	5703	5703	5631	5703	5872	5668	5668	5668	5668	5717	5272	5272	5272	31.0	31.0	31.0	31.0	31.0	29.0	30.0	30.0	30.0	37.0	36.0	45.0	31.0	38.0	57.0	37.0	72.0	68.0	50.0	46.0	51.0	6549.0	1116.0	1070.0	1142.0	5448	5397	5295	335.0	455.0	683.0
normal_d10_6	5087	5632	5267	SpreadWFD-Avg	5699	5715	5699	5699	5699	5699	5877	5699	5699	5696	5699	5877	5699	5699	5632	5699	5873	5671	5671	5671	5671	5713	5267	5267	5267	30.0	30.0	31.0	30.0	31.0	27.0	32.0	31.0	31.0	38.0	37.0	46.0	31.0	37.0	55.0	37.0	73.0	67.0	55.0	51.0	56.0	6553.0	1162.0	1152.0	1178.0	5444	5393	5291	323.0	447.0	680.0
normal_d10_7	5087	5624	5326	SpreadWFD-Avg	5703	5689	5703	5703	5703	5703	5889	5703	5703	5699	5703	5889	5703	5703	5624	5703	5886	5683	5683	5683	5683	5696	5326	5326	5326	31.0	31.0	31.0	30.0	30.0	30.0	33.0	31.0	32.0	38.0	37.0	47.0	31.0	37.0	55.0	37.0	75.0	71.0	54.0	50.0	58.0	6631.0	1168.0	1162.0	1086.0	5448	5550	5499	327.0	331.0	451.0
normal_d10_8	5087	5633	5319	SpreadWFD-Avg	5703	5701	5703	5703	5703	5703	5877	5703	5703	5701	5703	5876	5703	5703	5633	5703	5875	5676	5676	5676	5676	5716	5319	5319	5319	28.0	28.0	30.0	30.0	29.0	29.0	31.0	31.0	30.0	37.0	37.0	47.0	31.0	36.0	52.0	34.0	73.0	68.0	55.0	51.0	57.0	6580.0	1112.0	1093.0	1103.0	5448	5397	5397	319.0	434.0	550.0
normal_d10_9	5087	5622	5339	SpreadWFD-Avg	5699	5704	5699	5699	5699	5699	5892	5699	5699	5694	5699	5889	5699	5699	5622	5699	5884	5674	5674	5674	5674	5718	5339	5339	5339	30.0	30.0	30.0	30.0	30.0	30.0	32.0	31.0	30.0	37.0	36.0	45.0	30.0	36.0	52.0	34.0	66.0	68.0	51.0	46.0	52.0	6279.0	1092.0	1069.0	1088.0	5444	5393	5393	320.0	435.0	549.0
threshold_d10_0	5087	5621	5519	SpreadWFD-Avg	5688	5692	5688	5688	5688	5688	5903	5688	5688	5693	5688	5905	5688	5688	5621	5688	5911	5666	5666	5666	5666	5692	5519	5519	5519	31.0	104.0	31.0	31.0	31.0	31.0	32.0	32.0	32.0	38.0	37.0	47.0	32.0	38.0	58.0	38.0	73.0	61.0	51.0	48.0	52.0	5106.0	1927.0	1927.0	1952.0	5688	5688	5586	343.0	354.0	526.0
threshold_d10_1	5087	5612	5546	SpreadWFD-Avg	5692	5694	5692	5692	5692	5692	5887	5692	5692	5690	5692	5892	5692	5692	5612	5692	5890	5670	5670	5670	5670	5701	5546	5546	5546	32.0	92.0	32.0	32.0	32.0	32.0	33.0	33.0	33.0	40.0	39.0	48.0	33.0	39.0	60.0	39.0	75.0	63.0	54.0	50.0	54.0	5028.0	1834.0	1816.0	1834.0	5692	5692	5590	343.0	358.0	530.0
threshold_d10_2	5087	5625	5505	SpreadWFD-Avg	5693	5704	5693	5693	5693	5693	5906	5693	5693	5693	5693	5906	5693	5693	5625	5693	5912	5674	5674	5674	5674	5691	5505	5505	5505	28.0	84.0	27.0	27.0	27.0	27.0	31.0	28.0	28.0	35.0	32.0	43.0	28.0	33.0	51.0	34.0	68.0	62.0	46.0	43.0	46.0	4829.0	1334.0	1434.0	1450.0	5693	5540	5489	271.0	420.0	568.0
threshold_d10_3	5087	5633	5530	SpreadWFD-Avg	5698	5713	5698	5698	5698	5698	5907	5698	5698	5696	5698	5908	5698	5698	5633	5698	5912	5668	5668	5668	5668	5702	5530	5530	5530	31.0	92.0	31.0	31.0	31.0	31.0	32.0	32.0	32.0	40.0	38.0	47.0	32.0	38.0	54.0	35.0	68.0	63.0	46.0	46.0	49.0	4945.0	1459.0	1454.0	1484.0	5698	5545	5596	311.0	468.0	467.0
threshold_d10_4	5087	5620	5620	WFD-AvgExpo	5694	5714	5694	5694	5694	5694	5903	5694	5694	5695	5694	5910	5694	5694	5620	5694	5901	5654	5654	5654	5654	5705	5659	5659	5659	29.0	71.0	29.0	29.0	28.0	29.0	31.0	30.0	30.0	36.0	36.0	44.0	30.0	36.0	54.0	36.0	71.0	57.0	48.0	45.0	48.0	4455.0	883.0	884.0	906.0	5694	5694	5694	262.0	264.0	266.0
threshold_d10_5	5087	5630	5630	WFD-AvgExpo	5691	5709	5691	5691	5691	5691	5909	5691	5691	5689	5691	5909	5691	5691	5630	5691	5899	5663	5663	5663	5663	5706	5632	5632	5632	30.0	93.0	30.0	30.0	30.0	30.0	31.0	31.0	31.0	38.0	37.0	46.0	31.0	37.0	56.0	37.0	71.0	61.0	52.0	48.0	52.0	5535.0	1257.0	1274.0	1294.0	5691	5691	5691	327.0	335.0	330.0
threshold_d10_6	5087	5620	5555	SpreadWFD-Avg	5691	5705	5691	5691	5691	5691	5909	5691	5691	5690	5691	5911	5691	5691	5620	5691	5910	5672	5672	5672	5672	5693	5555	5555	5555	29.0	72.0	29.0	29.0	29.0	29.0	30.0	30.0	31.0	37.0	36.0	45.0	30.0	36.0	55.0	36.0	71.0	59.0	50.0	46.0	50.0	4884.0	1438.0	1437.0	1473.0	5691	5538	5589	272.0	407.0	416.0
threshold_d10_7	5087	5627	5627	WFD-AvgExpo	5696	5705	5696	5696	5696	5696	5907	5696	5696	5697	5696	5905	5696	5696	5627	5696	5919	5662	5662	5662	5662	5717	5634	5634	5634	29.0	89.0	29.0	29.0	29.0	29.0	30.0	30.0	30.0	37.0	36.0	44.0	29.0	36.0	55.0	36.0	70.0	60.0	50.0	46.0	51.0	4917.0	1056.0	1036.0	1079.0	5696	5696	5696	316.0	313.0	313.0
threshold_d10_8	5087	5636	5555	SpreadWFD-Avg	5695	5710	5695	5695	5695	5695	5909	5695	5695	5698	5695	5909	5695	5695	5636	5695	5911	5665	5665	5665	5665	5717	5555	5555	5555	30.0	71.0	30.0	30.0	30.0	30.0	32.0	31.0	31.0	37.0	36.0	46.0	31.0	37.0	55.0	36.0	71.0	59.0	49.0	46.0	50.0	4943.0	1398.0	1402.0	1434.0	5695	5542	5593	301.0	453.0	437.0
threshold_d10_9	5087	5634	5634	WFD-AvgExpo	5696	5701	5696	5696	5696	5696	5895	5696	5696	5690	5696	5891	5696	5696	5634	5696	5903	5661	5661	5661	5661	5709	5660	5660	5660	29.0	90.0	29.0	29.0	29.0	29.0	31.0	30.0	30.0	36.0	35.0	45.0	29.0	35.0	53.0	35.0	72.0	57.0	48.0	45.0	49.0	4653.0	945.0	930.0	961.0	5696	5696	5696	277.0	277.0	276.0
